requestID,listingID,requesterName,receiverName,requestTimeStamp,requestStatus
R20232438,L20231346,bluecheese,testing2,25/12/2023 17:29:07,Accepted
R20234381,L20231346,cplusplus,testing2,25/12/2023 17:39:02,Rejected
R20237672,L20231346,testing1,testing2,25/12/2023 17:55:50,Rejected
R20232759,L20232406,testing3,testing6,26/12/2023 00:10:24,Accepted
R20231546,L20237167,testing2,testing1,26/12/2023 17:38:41,Accepted
R20238767,L20233511,testing7,bluecheese,27/12/2023 16:33:27,Accepted
R20231765,L20236070,bluecheese,testing6,29/12/2023 15:20:47,Accepted
R20230641,L20238294,cplusplus,testing4,29/12/2023 17:11:15,Accepted
R20235528,L20231187,testing4,testing7,29/12/2023 21:14:28,Accepted
R20231736,L20231265,testing7,testing4,29/12/2023 21:46:09,Rejected
R20237496,L20236396,testing2,testing7,29/12/2023 22:15:33,Accepted
R20237874,L20237734,testing5,testing7,30/12/2023 16:57:07,Accepted
R20238308,L20237541,testing5,testing7,30/12/2023 16:59:20,Rejected
R20233863,L20230314,bluecheese,testing6,30/12/2023 17:27:41,Accepted
R20240039,L20230314,testing8,testing6,02/01/2024 16:45:21,Rejected
R20240320,L20246114,bangdepchai,testing8,04/01/2024 13:22:37,Accepted
